title,media,date,datetime,desc,link,img
TCS Strengthens Partnership with Aviva UK to Enhance Life and Pensions Customer Experience,Claims Media,1 hours ago,2025-12-27 11:11:36.279286,"Tata Consultancy Services (TCS) (BSE: 532540, NSE: TCS), a global leader in IT services, consulting, and business solutions, has announced the expansion of...",https://claimsmag.co.uk/2025/12/tcs-strengthens-partnership-with-aviva-uk-to-enhance-life-and-pensions-customer-experience/&ved=2ahUKEwjhlN7olN2RAxXqSvEDHZ-YCk4QxfQBegQIBhAC&usg=AOvVaw0fddO9fV4z0H6WZan60Uit,"data:image/gif;base64,R0lGODlhAQABAIAAAP///////yH5BAEKAAEALAAAAAABAAEAAAICTAEAOw=="
"TCS to declare Q3 results 2025, interim dividend on this date. Check details",MSN,2 hours ago,2025-12-27 10:11:36.278200,"Tata Consultancy Services (TCS), India's largest IT services company, on Wednesday, December 24, said its board of directors will meet on Monday,...",https://www.msn.com/en-in/money/markets/tcs-to-declare-q3-results-2025-interim-dividend-on-this-date-check-details/ar-AA1SXXBo%3Focid%3Dfinance-verthp-feeds&ved=2ahUKEwjhlN7olN2RAxXqSvEDHZ-YCk4QxfQBegQIChAC&usg=AOvVaw2Hr7ozXuTAvyJRk1j7BjUE,"data:image/gif;base64,R0lGODlhAQABAIAAAP///////yH5BAEKAAEALAAAAAABAAEAAAICTAEAOw=="
Inside TCS’ AI-driven U-turn,The Economic Times,3 hours ago,2025-12-27 09:11:36.278579,,https://m.economictimes.com/inside-tcs-ai-driven-u-turn/primearticleshow/126193721.cms&ved=2ahUKEwjhlN7olN2RAxXqSvEDHZ-YCk4QxfQBegQIAhAC&usg=AOvVaw3lehlQ7GwsDSpgDRR-fEx0,
"AP keen to begin New Year with a big bang, set to launch AQV",BizzBuzz,3 hours ago,2025-12-27 09:11:36.274077,"TCS is getting ready open transit facility, perform bhoomi puja for permanent campus.",https://www.bizzbuzz.news/national/andhrapradesh/ap-keen-to-begin-new-year-with-a-big-bang-set-to-launch-aqv-1382797&ved=2ahUKEwjhlN7olN2RAxXqSvEDHZ-YCk4QxfQBegQIAxAC&usg=AOvVaw3I2vKyGHArd0OP4RXeMocD,"data:image/gif;base64,R0lGODlhAQABAIAAAP///////yH5BAEKAAEALAAAAAABAAEAAAICTAEAOw=="
Tata Consultancy Services Sees Robust Call Option Activity Ahead of December Expiry,Markets Mojo,4 hours ago,2025-12-27 08:11:36.277703,Tata Consultancy Services Ltd. (TCS) has emerged as one of the most actively traded stocks in the call options segment as the December 2025 expiry...,https://www.marketsmojo.com/news/stocks-in-action/tata-consultancy-services-sees-robust-call-option-activity-ahead-of-year-end-expiry-3762392&ved=2ahUKEwjhlN7olN2RAxXqSvEDHZ-YCk4QxfQBegQIBRAC&usg=AOvVaw2g6gih3Aus4vFLmKozPW35,"data:image/gif;base64,R0lGODlhAQABAIAAAP///////yH5BAEKAAEALAAAAAABAAEAAAICTAEAOw=="
"#2025MCTechRewind | Layoffs, AI, M&A: Indian IT navigates the new normal",LinkedIn,6 hours ago,2025-12-27 06:11:36.278934,,https://www.linkedin.com/pulse/2025mctechrewind-layoffs-ai-ma-indian-navigates-new-normal-zqwqc&ved=2ahUKEwjhlN7olN2RAxXqSvEDHZ-YCk4QxfQBegQICRAC&usg=AOvVaw2YcrrmMg3bLJM3D01u8KUc,
"TCS interim dividend amount announcement SOON! Check record date, quarterly earning schedule",ET Now,1 day ago,2025-12-26 12:11:36.287121,"TCS has shared the schedule for the announcement of its Q3 FY26 earnings report. Along with the results, the IT major is also set to declare a dividend for...",https://www.etnownews.com/markets/tcs-interim-dividend-amount-announcement-soon-check-record-date-quarterly-earning-schedule-article-153349190&ved=2ahUKEwjhlN7olN2RAxXqSvEDHZ-YCk4QxfQBegQICBAC&usg=AOvVaw2aBExBjZw2anEMtcSLzkcp,"data:image/gif;base64,R0lGODlhAQABAIAAAP///////yH5BAEKAAEALAAAAAABAAEAAAICTAEAOw=="
TCS Q3 results 2026 date announced; board to consider interim dividend—check record date,Zee Business,1 day ago,2025-12-26 12:11:36.284871,"TCS Q3 Results 2026 Date, Dividend: In a regulatory filing on Wednesday, December 24, TCS said its board of directors will meet on Monday, January 12, 2026.",https://www.zeebiz.com/market-news/news-tcs-q3-results-2026-date-announced-board-to-consider-interim-dividend-check-record-date-386531&ved=2ahUKEwjhlN7olN2RAxXqSvEDHZ-YCk4QxfQBegQIARAC&usg=AOvVaw1iHoQ56Zi4JYGdlqC1VvLo,"data:image/gif;base64,R0lGODlhAQABAIAAAP///////yH5BAEKAAEALAAAAAABAAEAAAICTAEAOw=="
TCS Q3 Results on Jan 12: Interim Dividend Decision in Focus,Analytics Insight,1 day ago,2025-12-26 12:11:36.282342,"Tata Consultancy Services Limited (TCS) is expected to announce its financial results for the Q3 of FY26 on January 12, 2026, according to an announcement...",https://www.analyticsinsight.net/news/tcs-q3-results-on-jan-12-interim-dividend-decision-in-focus&ved=2ahUKEwjhlN7olN2RAxXqSvEDHZ-YCk4QxfQBegQIBxAC&usg=AOvVaw0OzKVlXBVC5UzI4USHl4aB,"data:image/gif;base64,R0lGODlhAQABAIAAAP///////yH5BAEKAAEALAAAAAABAAEAAAICTAEAOw=="
"Growing, but not adding up: The AI revenue paradox for TCS, Accenture",mint,2 days ago,2025-12-25 12:11:36.289408,"BENGALURU : Artificial intelligence has emerged as the fastest-growing segment for large IT services companies, but with a twist.",https://www.livemint.com/industry/infotech/ai-boom-india-it-services-firms-tcs-accenture-growth-revenue-cannibalization-11766558366161.html&ved=2ahUKEwjhlN7olN2RAxXqSvEDHZ-YCk4QxfQBegQIBBAC&usg=AOvVaw09xNaPvJdsI76o43V5bKC0,"data:image/gif;base64,R0lGODlhAQABAIAAAP///////yH5BAEKAAEALAAAAAABAAEAAAICTAEAOw=="
